Unnamed: 0,Make,Colour,Odometer (KM),Doors,Price
0,Toyota,Green,208514.0,4.0,10135.0
1,Toyota,Black,238616.0,4.0,8844.0
2,Toyota,Blue,171655.0,4.0,19921.0
3,Nissan,Blue,202539.0,3.0,12234.0
4,Toyota,Green,172702.0,4.0,20132.0
5,Honda,White,47875.0,4.0,25269.0
6,Honda,White,44245.0,4.0,27490.0
7,Honda,Black,,4.0,11247.0
8,,Black,71265.0,5.0,49214.0
9,Honda,Black,107013.0,4.0,23392.0
10,BMW,White,47417.0,3.0,40208.0
11,Honda,White,242597.0,4.0,7380.0
12,BMW,Green,142778.0,5.0,21469.0
13,,Black,193224.0,4.0,12283.0
14,Toyota,Blue,59582.0,4.0,16456.0
15,Honda,Blue,106610.0,4.0,11743.0
16,Toyota,Green,166864.0,4.0,4002.0
17,Toyota,Blue,127762.0,4.0,22850.0
18,Honda,Black,191643.0,4.0,12962.0
19,Nissan,Red,71680.0,4.0,30384.0
20,Toyota,,238286.0,4.0,10145.0
21,Toyota,,198294.0,4.0,6142.0
22,Toyota,Black,121898.0,4.0,7530.0
23,Toyota,White,160035.0,4.0,6636.0
24,BMW,Blue,18964.0,5.0,14867.0
25,Nissan,White,223999.0,4.0,10825.0
26,Honda,Blue,190792.0,4.0,18632.0
27,Nissan,White,117695.0,3.0,5047.0
28,BMW,Blue,50312.0,5.0,30680.0
29,Toyota,White,156324.0,4.0,10644.0
30,Honda,White,202132.0,4.0,14586.0
31,Honda,Blue,124875.0,,13252.0
32,Honda,Red,233914.0,4.0,7919.0
33,Honda,White,86296.0,4.0,15896.0
34,Honda,White,153516.0,4.0,14045.0
35,Toyota,Green,218161.0,4.0,10038.0
36,Honda,Blue,141783.0,4.0,8393.0
37,Toyota,Blue,,4.0,18547.0
38,Nissan,White,229929.0,4.0,7645.0
39,BMW,White,103199.0,5.0,16634.0
40,,White,205482.0,4.0,10226.0
41,Toyota,White,201811.0,4.0,3511.0
42,Toyota,White,114440.0,4.0,5185.0
43,Nissan,Blue,242670.0,4.0,5093.0
44,Toyota,Green,101832.0,4.0,22519.0
45,Honda,Green,212220.0,4.0,15591.0
46,Nissan,White,237036.0,3.0,6763.0
47,Honda,White,170018.0,,11848.0
48,Nissan,Blue,92306.0,4.0,22827.0
49,Toyota,Blue,198253.0,4.0,7391.0
50,Honda,Red,38602.0,4.0,6491.0
51,Toyota,White,121955.0,,21575.0
52,Nissan,Blue,40373.0,4.0,32165.0
53,Honda,White,121899.0,4.0,7567.0
54,,Black,97744.0,4.0,19112.0
55,BMW,Blue,143043.0,5.0,23980.0
56,Nissan,Blue,195766.0,4.0,8081.0
57,Honda,Red,57309.0,4.0,14940.0
58,Toyota,,220498.0,4.0,12984.0
59,Nissan,White,33443.0,3.0,13534.0
60,BMW,Red,182719.0,5.0,36139.0
61,Toyota,White,242967.0,4.0,6256.0
62,Toyota,Black,13899.0,4.0,6503.0
63,Honda,Green,144553.0,4.0,13340.0
64,Nissan,Blue,25058.0,4.0,20515.0
65,Honda,White,125340.0,4.0,14631.0
66,Honda,Red,185598.0,4.0,5535.0
67,Nissan,White,87455.0,4.0,11299.0
68,Nissan,Blue,196048.0,4.0,16386.0
69,Nissan,White,210660.0,3.0,13743.0
70,Honda,White,25049.0,4.0,10970.0
71,Honda,,148329.0,4.0,13692.0
72,Honda,Blue,,4.0,9853.0
73,,Blue,11677.0,4.0,13976.0
74,Honda,White,104095.0,4.0,13928.0
75,Nissan,Black,38048.0,,30776.0
76,BMW,Blue,104893.0,5.0,25610.0
77,,White,223357.0,4.0,5795.0
78,Toyota,Blue,146269.0,4.0,5730.0
79,Toyota,White,134801.0,4.0,11915.0
80,Honda,Blue,39669.0,4.0,26005.0
81,Nissan,Black,27951.0,4.0,9544.0
82,Honda,Red,103420.0,4.0,22608.0
83,Nissan,Blue,177321.0,4.0,4760.0
84,Nissan,Blue,229006.0,4.0,4752.0
85,Toyota,White,37644.0,4.0,13033.0
86,Toyota,White,,4.0,23203.0
87,BMW,,99986.0,3.0,20100.0
88,Honda,Red,68476.0,,19602.0
89,,White,14766.0,4.0,19932.0
90,BMW,Red,190960.0,3.0,16932.0
91,Toyota,Black,246562.0,4.0,8126.0
92,Nissan,Blue,201230.0,4.0,10023.0
93,Honda,Black,180145.0,4.0,6003.0
94,Nissan,White,74776.0,4.0,21417.0
95,Honda,White,226830.0,4.0,14928.0
96,Toyota,White,68882.0,4.0,20918.0
97,BMW,Red,145611.0,3.0,18502.0
98,Honda,White,42121.0,4.0,19460.0
99,Honda,,228814.0,4.0,10528.0
100,Honda,White,10964.0,4.0,19161.0
101,BMW,Green,11074.0,3.0,15356.0
102,Toyota,,159546.0,,7399.0
103,Toyota,White,122530.0,4.0,5318.0
104,Toyota,White,133431.0,4.0,23168.0
105,Nissan,Blue,136549.0,4.0,7721.0
106,Honda,,112144.0,4.0,22118.0
107,Honda,Blue,104527.0,4.0,10238.0
108,BMW,White,177770.0,5.0,26567.0
109,Honda,Black,134773.0,4.0,6446.0
110,Honda,Black,163470.0,4.0,9843.0
111,Toyota,Red,154224.0,4.0,5992.0
112,Nissan,White,93899.0,4.0,32971.0
113,Honda,White,177579.0,4.0,15313.0
114,BMW,White,222117.0,5.0,26772.0
115,Nissan,White,14169.0,4.0,19417.0
116,BMW,White,12145.0,5.0,45577.0
117,BMW,White,133947.0,5.0,32656.0
118,Nissan,White,239555.0,4.0,9075.0
119,Nissan,White,165199.0,4.0,
120,Toyota,White,182967.0,4.0,20680.0
121,Nissan,,15090.0,,10552.0
122,,White,124061.0,5.0,27136.0
123,,Black,175219.0,4.0,7682.0
124,Toyota,Green,192383.0,,19247.0
125,,Blue,140687.0,4.0,13288.0
126,Toyota,Black,157357.0,4.0,21197.0
127,Toyota,Green,194506.0,4.0,17016.0
128,Honda,Blue,54620.0,4.0,27295.0
129,Honda,Red,,4.0,8985.0
130,Toyota,,22915.0,4.0,29083.0
131,Toyota,White,93097.0,4.0,21118.0
132,Honda,White,248024.0,4.0,6992.0
133,Toyota,Red,234243.0,4.0,12197.0
134,Nissan,Blue,110547.0,4.0,22498.0
135,Toyota,White,239220.0,4.0,16954.0
136,BMW,White,218740.0,5.0,13714.0
137,Honda,Black,12069.0,4.0,14394.0
138,Toyota,White,196557.0,4.0,14946.0
139,Nissan,Blue,240421.0,4.0,13817.0
140,Honda,White,197610.0,4.0,12392.0
141,Honda,White,,4.0,7717.0
142,Honda,Blue,153390.0,4.0,17910.0
143,BMW,White,161893.0,3.0,29058.0
144,Toyota,Red,,4.0,28705.0
145,BMW,White,95324.0,3.0,47090.0
146,Toyota,Blue,164554.0,4.0,8875.0
147,Toyota,White,24640.0,4.0,9702.0
148,Honda,Blue,198201.0,4.0,9122.0
149,Honda,White,239941.0,4.0,11346.0
150,Toyota,Blue,236261.0,4.0,14617.0
151,Honda,White,232866.0,4.0,3856.0
152,Toyota,Black,248011.0,4.0,
153,Honda,White,223848.0,4.0,15545.0
154,Honda,Blue,187747.0,4.0,9915.0
155,Honda,White,198601.0,4.0,11393.0
156,,Blue,92988.0,4.0,14990.0
157,Nissan,Blue,191779.0,4.0,18954.0
158,Toyota,White,108743.0,4.0,17551.0
159,Nissan,White,193664.0,4.0,16193.0
160,Honda,,78090.0,4.0,13341.0
161,Honda,Blue,37064.0,4.0,30992.0
162,BMW,Green,57240.0,3.0,26250.0
163,Nissan,Blue,68424.0,4.0,16929.0
164,Nissan,White,58600.0,4.0,32952.0
165,Honda,Black,107453.0,4.0,13277.0
166,Toyota,Blue,233013.0,4.0,15666.0
167,Toyota,Black,235623.0,4.0,14297.0
168,Toyota,White,78854.0,,34486.0
169,Honda,Red,223003.0,4.0,10836.0
170,Honda,White,72469.0,4.0,9135.0
171,Toyota,White,169441.0,4.0,
172,Toyota,Green,34688.0,4.0,18942.0
173,Toyota,Green,79479.0,4.0,34793.0
174,Honda,Blue,85508.0,4.0,22700.0
175,Nissan,Green,184603.0,4.0,9519.0
176,Toyota,Blue,104110.0,4.0,
177,BMW,Blue,235368.0,3.0,12476.0
178,Toyota,Blue,,4.0,28691.0
179,Honda,Blue,33795.0,4.0,12194.0
180,BMW,White,103595.0,3.0,34737.0
181,Toyota,Red,120455.0,4.0,12142.0
182,BMW,White,64313.0,5.0,27820.0
183,Toyota,White,168150.0,4.0,12538.0
184,Nissan,White,149343.0,4.0,12488.0
185,BMW,Red,231013.0,5.0,27020.0
186,Honda,Blue,83659.0,4.0,9927.0
187,Toyota,Blue,9852.0,4.0,9853.0
188,Toyota,Blue,104817.0,4.0,20920.0
189,Honda,,173456.0,4.0,8926.0
190,Honda,White,221014.0,4.0,15926.0
191,Nissan,,203184.0,4.0,9783.0
192,Nissan,White,150162.0,3.0,5565.0
193,BMW,Black,64226.0,3.0,26242.0
194,Nissan,White,69337.0,3.0,9760.0
195,Nissan,Green,139210.0,,20661.0
196,Toyota,Red,196085.0,4.0,8380.0
197,Toyota,White,123752.0,4.0,16025.0
198,Honda,Blue,31971.0,4.0,11298.0
199,Honda,Blue,93071.0,4.0,16516.0
200,,Blue,178882.0,4.0,14372.0
201,BMW,Blue,55206.0,3.0,35690.0
202,Toyota,White,164101.0,4.0,5858.0
203,Nissan,White,180849.0,4.0,3819.0
204,Toyota,Blue,131768.0,4.0,5815.0
205,Toyota,Black,131259.0,4.0,24407.0
206,Nissan,Blue,55759.0,3.0,21704.0
207,Nissan,Green,244614.0,4.0,6454.0
208,Toyota,White,133687.0,4.0,20864.0
209,Toyota,White,,4.0,15491.0
210,Nissan,White,78749.0,4.0,12134.0
211,Nissan,Black,174454.0,,6579.0
212,Toyota,White,94010.0,4.0,25985.0
213,Nissan,Blue,141053.0,3.0,19828.0
214,Toyota,,167229.0,4.0,8899.0
215,Toyota,Blue,,4.0,16781.0
216,BMW,Blue,236602.0,5.0,11935.0
217,Nissan,White,65349.0,4.0,14440.0
218,BMW,White,97939.0,5.0,45362.0
219,BMW,Blue,24442.0,5.0,19841.0
220,BMW,White,224533.0,5.0,18750.0
221,BMW,Blue,114037.0,5.0,34799.0
222,Toyota,White,93884.0,4.0,23768.0
223,Toyota,Blue,144696.0,4.0,25289.0
224,Honda,Blue,239190.0,4.0,14770.0
225,BMW,Red,135913.0,5.0,28868.0
226,Toyota,Green,64072.0,4.0,15269.0
227,Toyota,White,96070.0,4.0,33437.0
228,Toyota,Black,54714.0,4.0,28978.0
229,Honda,White,243988.0,4.0,6558.0
230,Toyota,Blue,200815.0,4.0,10075.0
231,Honda,Green,11012.0,4.0,26604.0
232,Nissan,Blue,56331.0,4.0,27704.0
233,Toyota,Black,247452.0,4.0,15084.0
234,Honda,Green,18409.0,4.0,18333.0
235,Toyota,White,,4.0,15144.0
236,Toyota,Blue,249025.0,4.0,6902.0
237,Honda,Blue,97112.0,4.0,15600.0
238,Toyota,White,194149.0,,13906.0
239,,White,197475.0,4.0,14224.0
240,Honda,Blue,191576.0,4.0,14429.0
241,Toyota,White,102301.0,4.0,25392.0
242,Honda,Blue,212961.0,4.0,15310.0
243,Toyota,White,169174.0,4.0,12260.0
244,Toyota,White,188133.0,4.0,11111.0
245,Toyota,White,73153.0,4.0,19909.0
246,Nissan,Blue,71662.0,4.0,27949.0
247,Honda,White,88944.0,4.0,23450.0
248,Honda,Black,170826.0,4.0,7795.0
249,Toyota,Blue,227875.0,4.0,
250,Toyota,Black,14691.0,4.0,9818.0
251,BMW,White,209798.0,5.0,8984.0
252,Nissan,,,3.0,12087.0
253,Nissan,Blue,116585.0,4.0,11646.0
254,Toyota,Green,,4.0,17167.0
255,Toyota,Blue,126903.0,,9197.0
256,,White,225060.0,3.0,
257,Honda,White,32933.0,4.0,9761.0
258,Toyota,White,231521.0,4.0,
259,Toyota,Black,235768.0,4.0,15806.0
260,BMW,White,199609.0,3.0,15058.0
261,Honda,Black,185299.0,4.0,11405.0
262,Toyota,Green,246096.0,4.0,10524.0
263,Honda,White,213138.0,,13470.0
264,Toyota,Blue,203559.0,4.0,9382.0
265,,Blue,52619.0,4.0,35257.0
266,Toyota,White,161578.0,4.0,17854.0
267,Honda,Blue,237463.0,4.0,10512.0
268,Toyota,White,197656.0,4.0,13657.0
269,Toyota,Black,236554.0,4.0,17102.0
270,Honda,,136179.0,4.0,15874.0
271,Honda,Blue,159815.0,4.0,9405.0
272,Honda,White,177663.0,4.0,14624.0
273,Nissan,Blue,154309.0,4.0,16129.0
274,Nissan,Blue,83697.0,3.0,13718.0
275,Toyota,Blue,203832.0,4.0,6418.0
276,Honda,,,4.0,16979.0
277,Honda,Red,121575.0,4.0,19325.0
278,Toyota,White,224107.0,4.0,16422.0
279,Honda,Blue,96949.0,4.0,26487.0
280,Toyota,Red,121110.0,4.0,17527.0
281,Nissan,Blue,,3.0,10241.0
282,Toyota,Green,100841.0,4.0,22870.0
283,Toyota,White,164125.0,4.0,11563.0
284,Toyota,Red,17123.0,4.0,34915.0
285,Nissan,White,133983.0,4.0,10319.0
286,Honda,Black,68533.0,4.0,26374.0
287,Toyota,Red,106475.0,,5796.0
288,Nissan,White,42976.0,4.0,25601.0
289,Toyota,White,200780.0,4.0,17188.0
290,Honda,White,183362.0,4.0,17714.0
291,Toyota,White,131081.0,4.0,16909.0
292,Toyota,Green,226521.0,4.0,10550.0
293,Honda,White,169583.0,4.0,10337.0
294,Toyota,White,85903.0,4.0,32269.0
295,Nissan,Blue,159705.0,3.0,3545.0
296,Nissan,Blue,138349.0,4.0,14576.0
297,Toyota,Blue,38216.0,4.0,26140.0
298,Toyota,Black,58718.0,4.0,35341.0
299,Nissan,White,81746.0,,18996.0
300,Honda,White,249574.0,4.0,11000.0
301,Honda,Red,17985.0,4.0,29163.0
302,Toyota,Blue,25234.0,,9055.0
303,Honda,Blue,107379.0,4.0,20912.0
304,Nissan,White,229573.0,4.0,16300.0
305,Honda,Blue,105225.0,4.0,15837.0
306,Toyota,White,168686.0,4.0,4358.0
307,BMW,White,157596.0,5.0,21377.0
308,Toyota,,115710.0,4.0,4915.0
309,Toyota,White,69102.0,4.0,24426.0
310,Honda,Blue,120249.0,4.0,7841.0
311,Toyota,White,170659.0,4.0,17933.0
312,Nissan,Blue,67377.0,3.0,20428.0
313,Honda,,,4.0,23018.0
314,Nissan,White,93889.0,3.0,30441.0
315,Nissan,White,66830.0,4.0,28240.0
316,Toyota,Black,,4.0,
317,Honda,White,179747.0,4.0,14730.0
318,Honda,Black,98517.0,4.0,28511.0
319,Toyota,White,,4.0,25664.0
320,,Blue,111180.0,4.0,20187.0
321,Nissan,Blue,128095.0,4.0,10648.0
322,Nissan,Blue,98039.0,4.0,6948.0
323,Nissan,Blue,18013.0,,21475.0
324,Toyota,Red,171449.0,4.0,16804.0
325,Toyota,White,48408.0,,6550.0
326,Toyota,White,122622.0,4.0,9979.0
327,Honda,White,110381.0,4.0,12745.0
328,Nissan,Blue,55043.0,4.0,29453.0
329,Toyota,Green,237931.0,4.0,4090.0
330,Honda,,139962.0,4.0,18340.0
331,BMW,Blue,145312.0,3.0,29090.0
332,BMW,White,53420.0,3.0,14362.0
333,Honda,Black,118548.0,4.0,21362.0
334,Nissan,Blue,84856.0,4.0,22780.0
335,Toyota,White,23194.0,4.0,
336,Nissan,White,138082.0,4.0,16315.0
337,Honda,White,22017.0,4.0,
338,Toyota,White,140378.0,4.0,22685.0
339,Honda,White,219735.0,4.0,11404.0
340,Nissan,Black,18481.0,4.0,17593.0
341,BMW,White,105906.0,5.0,31482.0
342,,Blue,26896.0,4.0,19447.0
343,Honda,,94303.0,4.0,14428.0
344,,White,27343.0,4.0,7993.0
345,Nissan,White,172379.0,3.0,14719.0
346,Toyota,White,51198.0,4.0,28277.0
347,Honda,White,144787.0,4.0,12166.0
348,Toyota,White,58164.0,4.0,7691.0
349,BMW,White,226231.0,5.0,11597.0
350,Nissan,Black,200147.0,3.0,6356.0
351,Nissan,Blue,78499.0,,7325.0
352,Honda,White,142487.0,4.0,15845.0
353,Nissan,White,116147.0,4.0,15795.0
354,Toyota,White,53047.0,4.0,11626.0
355,Honda,White,107590.0,4.0,12338.0
356,,White,160679.0,4.0,19627.0
357,Nissan,White,,4.0,7324.0
358,Nissan,Blue,123995.0,4.0,20758.0
359,Toyota,Blue,176696.0,,5314.0
360,Toyota,White,36556.0,,10058.0
361,Honda,White,44915.0,4.0,29740.0
362,Toyota,Blue,16449.0,4.0,17274.0
363,,White,112435.0,4.0,17443.0
364,Toyota,Blue,184179.0,4.0,12078.0
365,Toyota,Green,219986.0,4.0,16152.0
366,Toyota,Black,228148.0,4.0,12240.0
367,Toyota,Black,83546.0,4.0,14442.0
368,Toyota,Blue,21031.0,4.0,27875.0
369,,Blue,55288.0,5.0,24280.0
370,Honda,White,192341.0,4.0,5919.0
371,,Blue,54117.0,4.0,18773.0
372,Honda,,114413.0,4.0,22920.0
373,Honda,Red,244561.0,4.0,4276.0
374,Nissan,White,180864.0,3.0,18778.0
375,BMW,White,125958.0,5.0,33363.0
376,Toyota,Blue,62030.0,4.0,24839.0
377,Honda,White,223911.0,4.0,8392.0
378,Honda,Blue,59779.0,4.0,14156.0
379,Toyota,White,228679.0,4.0,
380,Toyota,Green,187105.0,4.0,21032.0
381,Honda,Blue,14165.0,4.0,25588.0
382,,White,23736.0,4.0,31818.0
383,Toyota,White,54177.0,4.0,25667.0
384,BMW,White,99345.0,5.0,23094.0
385,Honda,,80586.0,4.0,6790.0
386,Toyota,Blue,53045.0,4.0,17845.0
387,Nissan,White,122437.0,3.0,4560.0
388,Honda,White,137535.0,4.0,8164.0
389,Toyota,Blue,42471.0,4.0,33689.0
390,Toyota,Blue,,4.0,26408.0
391,Toyota,White,36151.0,4.0,22144.0
392,Honda,White,138687.0,4.0,9507.0
393,Nissan,White,,4.0,16034.0
394,Toyota,Green,132678.0,4.0,13562.0
395,,Blue,27434.0,4.0,28549.0
396,Honda,White,175229.0,4.0,8410.0
397,Toyota,White,75108.0,4.0,24341.0
398,BMW,Blue,,5.0,
399,Nissan,White,58109.0,4.0,17830.0
400,Toyota,White,31656.0,4.0,15133.0
401,Honda,Blue,209136.0,4.0,5946.0
402,Toyota,Red,185405.0,4.0,7860.0
403,BMW,White,135621.0,5.0,16256.0
404,Honda,Black,242653.0,,14850.0
405,Toyota,Blue,34660.0,4.0,6241.0
406,Nissan,Blue,41641.0,4.0,25715.0
407,Nissan,Green,62588.0,4.0,21106.0
408,Nissan,White,115620.0,4.0,5480.0
409,,Blue,117679.0,5.0,31268.0
410,Toyota,White,237732.0,4.0,16908.0
411,Honda,Blue,191316.0,4.0,10176.0
412,Toyota,White,223044.0,4.0,9024.0
413,Honda,,87437.0,4.0,
414,Nissan,Blue,147652.0,4.0,13415.0
415,Toyota,Blue,59790.0,4.0,13405.0
416,Nissan,Green,93322.0,4.0,23724.0
417,Toyota,Red,117817.0,4.0,23263.0
418,Honda,Blue,84606.0,4.0,28979.0
419,Toyota,Blue,24046.0,4.0,24748.0
420,,White,99357.0,4.0,9288.0
421,Honda,White,34258.0,4.0,16951.0
422,Honda,White,33080.0,4.0,
423,Toyota,White,48494.0,4.0,
424,Nissan,Green,56094.0,4.0,32529.0
425,Toyota,White,208180.0,4.0,8623.0
426,Honda,White,208687.0,4.0,5000.0
427,Honda,Blue,222526.0,4.0,8602.0
428,Honda,Blue,48791.0,4.0,29842.0
429,Nissan,Blue,73756.0,4.0,17167.0
430,Toyota,White,218840.0,4.0,7843.0
431,BMW,Blue,192847.0,5.0,18628.0
432,Honda,White,45063.0,4.0,13829.0
433,Toyota,Red,203084.0,,14873.0
434,Toyota,Blue,24302.0,4.0,18857.0
435,Nissan,,168735.0,3.0,12363.0
436,Honda,White,48158.0,4.0,17460.0
437,Toyota,Blue,97786.0,4.0,35400.0
438,Honda,Blue,66033.0,4.0,25670.0
439,Toyota,White,238756.0,4.0,15682.0
440,Toyota,Black,47338.0,4.0,29014.0
441,Toyota,White,231522.0,4.0,4006.0
442,Honda,Black,93158.0,4.0,29431.0
443,Toyota,Green,188237.0,4.0,21343.0
444,Toyota,Blue,61929.0,4.0,16313.0
445,Honda,Blue,161140.0,4.0,11696.0
446,Toyota,White,52176.0,4.0,20374.0
447,Honda,White,145721.0,4.0,19295.0
448,Nissan,White,153365.0,4.0,6380.0
449,Toyota,Red,49466.0,4.0,33347.0
450,BMW,Black,86724.0,,48987.0
451,Honda,Red,152956.0,4.0,5336.0
452,Toyota,Blue,160669.0,4.0,5063.0
453,,Blue,129852.0,4.0,13067.0
454,Toyota,Red,121492.0,,14000.0
455,Toyota,Red,140382.0,4.0,22582.0
456,Toyota,Blue,12610.0,4.0,13405.0
457,Toyota,Green,20581.0,4.0,8777.0
458,Honda,,73349.0,4.0,18353.0
459,Toyota,,58429.0,4.0,17515.0
460,Honda,White,87118.0,4.0,20465.0
461,Honda,Red,94710.0,4.0,12377.0
462,Toyota,White,45318.0,4.0,12176.0
463,Honda,Green,192355.0,4.0,16013.0
464,Honda,White,206003.0,4.0,8348.0
465,Honda,Green,197702.0,4.0,5338.0
466,Honda,,28980.0,,15555.0
467,Nissan,Black,242216.0,3.0,9469.0
468,Honda,White,,4.0,8832.0
469,Nissan,Blue,146874.0,4.0,9258.0
470,Nissan,Blue,23036.0,4.0,18257.0
471,Honda,Blue,231495.0,4.0,12529.0
472,Toyota,White,12403.0,4.0,29057.0
473,Honda,Red,196146.0,4.0,4367.0
474,Nissan,,206492.0,3.0,
475,Honda,,84049.0,4.0,10791.0
476,Toyota,White,141481.0,4.0,6792.0
477,Nissan,Blue,167205.0,3.0,17934.0
478,Toyota,White,,4.0,28512.0
479,Honda,Blue,12188.0,4.0,20037.0
480,Toyota,White,83437.0,4.0,
481,Honda,Green,206908.0,4.0,7604.0
482,Toyota,White,98233.0,4.0,28069.0
483,Nissan,Blue,177912.0,4.0,3361.0
484,Honda,Blue,87606.0,4.0,6167.0
485,Toyota,Red,44452.0,4.0,30619.0
486,Toyota,White,20252.0,4.0,17864.0
487,Honda,Red,185982.0,4.0,6711.0
488,Toyota,White,87192.0,4.0,9307.0
489,Toyota,Blue,174986.0,4.0,10632.0
490,,Blue,,4.0,19121.0
491,Nissan,,160629.0,3.0,4915.0
492,Toyota,White,85600.0,4.0,23136.0
493,Honda,White,12041.0,,23846.0
494,Toyota,Green,98629.0,4.0,16820.0
495,Toyota,White,69609.0,4.0,30559.0
496,,Blue,205562.0,4.0,11393.0
497,Nissan,Blue,149763.0,4.0,18107.0
498,Toyota,Black,130110.0,4.0,13913.0
499,Toyota,White,35042.0,4.0,18193.0
500,Nissan,Blue,26461.0,4.0,14926.0
501,Toyota,White,61079.0,4.0,16507.0
502,,Red,136915.0,5.0,15833.0
503,Toyota,White,,4.0,11177.0
504,Honda,White,129032.0,4.0,
505,Toyota,Green,53813.0,4.0,8024.0
506,Toyota,White,106740.0,4.0,8754.0
507,Nissan,White,28283.0,4.0,
508,Honda,Blue,,4.0,16511.0
509,Toyota,Green,75949.0,4.0,33520.0
510,Honda,,50939.0,4.0,14329.0
511,Nissan,Blue,147308.0,4.0,4655.0
512,BMW,Green,36613.0,5.0,27552.0
513,Toyota,White,,4.0,23660.0
514,Toyota,Black,86852.0,4.0,12008.0
515,Toyota,White,176022.0,4.0,8354.0
516,Honda,Blue,13431.0,4.0,18878.0
517,Honda,Blue,195107.0,4.0,12383.0
518,Honda,Black,171231.0,4.0,8900.0
519,Toyota,Red,34773.0,4.0,
520,Honda,White,63628.0,4.0,27989.0
521,Toyota,White,177476.0,4.0,12023.0
522,BMW,Black,244609.0,3.0,26141.0
523,Toyota,Blue,234405.0,4.0,7834.0
524,Toyota,Blue,126569.0,4.0,22710.0
525,Toyota,Blue,212820.0,4.0,4272.0
526,BMW,Green,41803.0,5.0,40886.0
527,,Green,238099.0,,11348.0
528,,Blue,201808.0,4.0,15742.0
529,Honda,White,215864.0,4.0,6434.0
530,Nissan,White,228958.0,3.0,2804.0
531,Honda,Black,24188.0,4.0,29629.0
532,Honda,White,13789.0,4.0,15487.0
533,Honda,White,195597.0,4.0,16977.0
534,Toyota,Green,,,11626.0
535,BMW,Blue,51898.0,5.0,20781.0
536,BMW,Green,107246.0,5.0,38338.0
537,Honda,White,44126.0,4.0,25342.0
538,Nissan,Blue,116290.0,4.0,
539,BMW,Green,226369.0,5.0,13552.0
540,Nissan,White,108279.0,4.0,16909.0
541,Toyota,Blue,170701.0,4.0,7104.0
542,Toyota,Black,89678.0,4.0,15497.0
543,Honda,White,184712.0,4.0,7677.0
544,Nissan,Blue,171990.0,4.0,12625.0
545,,Black,91483.0,,
546,Honda,Green,118443.0,4.0,16079.0
547,Nissan,Blue,185320.0,4.0,4677.0
548,Toyota,Blue,248880.0,4.0,14314.0
549,Toyota,Red,184551.0,4.0,6040.0
550,Toyota,Blue,164585.0,,7512.0
551,Honda,White,110854.0,4.0,9538.0
552,Honda,Black,246874.0,4.0,11529.0
553,Honda,Red,246990.0,4.0,5256.0
554,Toyota,Blue,23937.0,4.0,31414.0
555,Honda,Green,188764.0,4.0,17344.0
556,BMW,Black,187014.0,5.0,35042.0
557,Honda,White,151430.0,4.0,17738.0
558,BMW,White,234086.0,5.0,30827.0
559,Nissan,Red,96507.0,4.0,25685.0
560,Toyota,,74757.0,4.0,12116.0
561,BMW,Red,23062.0,5.0,13670.0
562,Nissan,White,,4.0,15000.0
563,Nissan,Blue,63111.0,4.0,7193.0
564,Toyota,White,149683.0,,14021.0
565,Toyota,Blue,15616.0,4.0,29216.0
566,Honda,Blue,224846.0,4.0,4888.0
567,Nissan,White,19189.0,4.0,21936.0
568,Honda,Black,26153.0,4.0,20694.0
569,Toyota,Blue,198454.0,4.0,18415.0
570,Nissan,Blue,94485.0,,12811.0
571,Honda,Black,95978.0,4.0,10116.0
572,Toyota,White,28327.0,4.0,35576.0
573,Nissan,Black,209073.0,4.0,8107.0
574,,Blue,149218.0,4.0,6653.0
575,Toyota,Black,54686.0,4.0,23171.0
576,Nissan,Blue,142048.0,4.0,17381.0
577,BMW,Green,18458.0,5.0,28951.0
578,Toyota,Blue,90845.0,4.0,14528.0
579,Honda,Blue,225073.0,4.0,12975.0
580,BMW,Black,,5.0,20457.0
581,Toyota,Blue,160883.0,4.0,
582,Toyota,White,227121.0,4.0,12288.0
583,BMW,White,,3.0,21073.0
584,Honda,Blue,61783.0,,9977.0
585,Honda,Black,198065.0,4.0,10371.0
586,BMW,White,165906.0,5.0,16678.0
587,Honda,White,122568.0,,4765.0
588,Toyota,Red,185939.0,4.0,13262.0
589,Honda,White,142361.0,4.0,16844.0
590,Toyota,Blue,242170.0,4.0,8386.0
591,Toyota,Blue,216330.0,4.0,12929.0
592,Toyota,White,95286.0,,16728.0
593,Toyota,Red,127079.0,4.0,7601.0
594,Honda,Red,106795.0,4.0,9836.0
595,Honda,Black,21645.0,4.0,16946.0
596,Toyota,White,100541.0,4.0,13944.0
597,Toyota,Black,174696.0,4.0,18301.0
598,BMW,Blue,81839.0,3.0,23314.0
599,Nissan,White,242124.0,4.0,13088.0
600,Honda,White,31832.0,4.0,7222.0
601,Honda,Blue,112160.0,4.0,8891.0
602,Nissan,Black,175803.0,4.0,13606.0
603,Toyota,Green,52030.0,4.0,23580.0
604,Honda,Blue,16684.0,4.0,30406.0
605,Nissan,Blue,103234.0,4.0,
606,Honda,White,182738.0,4.0,13865.0
607,Toyota,Blue,235442.0,,8857.0
608,BMW,White,116169.0,3.0,25898.0
609,Toyota,White,35954.0,4.0,
610,Toyota,Blue,90795.0,4.0,26528.0
611,Toyota,Blue,235745.0,4.0,14815.0
612,Nissan,Red,21064.0,4.0,12304.0
613,Toyota,White,121899.0,4.0,16139.0
614,Honda,,199205.0,4.0,15521.0
615,Honda,White,10842.0,4.0,8838.0
616,Toyota,White,65889.0,4.0,27181.0
617,Toyota,Blue,210955.0,4.0,17563.0
618,Nissan,Red,20804.0,3.0,
619,Nissan,White,119819.0,4.0,19457.0
620,Toyota,Blue,89396.0,4.0,24677.0
621,Toyota,White,207177.0,4.0,11284.0
622,Honda,Blue,125349.0,4.0,
623,BMW,Blue,188723.0,3.0,15419.0
624,Honda,Black,202151.0,4.0,15337.0
625,Nissan,Blue,184589.0,4.0,8970.0
626,Toyota,Blue,128959.0,4.0,15828.0
627,Toyota,Blue,25946.0,4.0,29824.0
628,Honda,White,87792.0,,14073.0
629,Toyota,Blue,58866.0,4.0,19651.0
630,Nissan,Black,201724.0,4.0,14344.0
631,Toyota,White,33478.0,4.0,9701.0
632,Toyota,White,56988.0,4.0,22957.0
633,Toyota,White,19087.0,4.0,31805.0
634,BMW,White,11523.0,5.0,36880.0
635,Toyota,White,167969.0,4.0,19781.0
636,Honda,Green,79298.0,4.0,11667.0
637,Toyota,Blue,200384.0,4.0,12619.0
638,Toyota,White,148779.0,4.0,16277.0
639,Honda,White,182968.0,4.0,9336.0
640,Toyota,Blue,166857.0,4.0,4962.0
641,Toyota,White,176003.0,4.0,
642,Nissan,Black,21892.0,4.0,31871.0
643,Toyota,White,116448.0,4.0,
644,Honda,White,24457.0,4.0,24410.0
645,Nissan,Blue,,4.0,6606.0
646,BMW,Blue,179306.0,3.0,29442.0
647,Honda,White,66154.0,4.0,13206.0
648,Honda,Blue,22834.0,4.0,26656.0
649,Honda,White,105959.0,4.0,12827.0
650,BMW,Blue,213246.0,3.0,
651,Toyota,Blue,139607.0,4.0,6209.0
652,,Blue,206890.0,4.0,7753.0
653,,Blue,220769.0,4.0,9312.0
654,Toyota,Blue,80211.0,4.0,9638.0
655,Honda,Blue,30200.0,4.0,21534.0
656,Honda,White,89955.0,4.0,15712.0
657,Toyota,Blue,84133.0,4.0,23386.0
658,Toyota,Green,198919.0,4.0,18296.0
659,Toyota,Blue,196293.0,4.0,
660,Honda,White,123850.0,4.0,
661,Honda,,137738.0,4.0,6586.0
662,Nissan,Blue,39933.0,4.0,
663,Toyota,,165396.0,4.0,15216.0
664,Honda,Blue,60784.0,4.0,
665,Nissan,White,92198.0,4.0,10293.0
666,Nissan,Red,234357.0,3.0,13965.0
667,Toyota,Blue,87680.0,4.0,31783.0
668,Nissan,Green,,3.0,17625.0
669,Toyota,White,45971.0,4.0,12150.0
670,,Green,94239.0,3.0,9967.0
671,BMW,White,140034.0,3.0,36109.0
672,Honda,White,208603.0,4.0,7880.0
673,Toyota,Blue,52071.0,4.0,6397.0
674,Toyota,Blue,191329.0,,12829.0
675,Honda,Red,95029.0,4.0,10401.0
676,Honda,Red,43774.0,4.0,20825.0
677,BMW,White,218380.0,5.0,24798.0
678,Toyota,Blue,58042.0,4.0,16885.0
679,Honda,Red,144914.0,,22657.0
680,Nissan,Green,170124.0,4.0,6425.0
681,Toyota,,48364.0,4.0,
682,Nissan,Black,186422.0,4.0,18181.0
683,Nissan,Black,19462.0,4.0,17816.0
684,Honda,White,199583.0,4.0,11945.0
685,Nissan,White,158239.0,4.0,13323.0
686,BMW,,163524.0,5.0,14810.0
687,BMW,Black,58681.0,5.0,26750.0
688,Toyota,White,56397.0,4.0,31012.0
689,,Green,173058.0,4.0,12811.0
690,Nissan,White,190560.0,4.0,4882.0
691,,Blue,211259.0,4.0,14789.0
692,Toyota,Blue,18650.0,4.0,21202.0
693,Toyota,Blue,141953.0,4.0,8635.0
694,Toyota,White,12391.0,4.0,16386.0
695,BMW,White,124201.0,5.0,23372.0
696,Nissan,Red,112541.0,4.0,10120.0
697,Toyota,Red,17278.0,4.0,34606.0
698,Nissan,Blue,33478.0,4.0,23691.0
699,Toyota,,141597.0,4.0,20226.0
700,Honda,,83690.0,4.0,17377.0
701,Toyota,Black,240155.0,4.0,17299.0
702,BMW,Blue,11908.0,5.0,14806.0
703,Toyota,Green,108407.0,4.0,19522.0
704,Toyota,Blue,108083.0,4.0,10616.0
705,Toyota,White,10331.0,4.0,31625.0
706,Toyota,Blue,212826.0,4.0,14446.0
707,Toyota,Green,215165.0,4.0,4280.0
708,Nissan,White,20236.0,,21396.0
709,Nissan,Blue,132467.0,4.0,21080.0
710,Honda,Black,20408.0,4.0,14952.0
711,Toyota,Blue,181717.0,4.0,6280.0
712,Honda,White,40688.0,4.0,20057.0
713,Honda,White,223799.0,4.0,5196.0
714,Toyota,White,53452.0,4.0,
715,Honda,White,,4.0,4718.0
716,Nissan,Blue,34176.0,4.0,29154.0
717,Toyota,Blue,109836.0,4.0,22950.0
718,Toyota,White,210938.0,4.0,8587.0
719,Honda,White,79594.0,4.0,16182.0
720,BMW,White,40966.0,5.0,33520.0
721,Toyota,White,21389.0,4.0,21104.0
722,Toyota,White,181805.0,4.0,13787.0
723,BMW,Black,75353.0,5.0,43872.0
724,BMW,White,57977.0,5.0,15506.0
725,Toyota,Black,143330.0,,8510.0
726,Nissan,Blue,240924.0,4.0,14540.0
727,Honda,Black,146982.0,4.0,6054.0
728,Nissan,Blue,89171.0,3.0,17401.0
729,Nissan,White,104987.0,4.0,24246.0
730,BMW,Red,93335.0,,30338.0
731,Toyota,Blue,75437.0,4.0,6470.0
732,Toyota,White,122319.0,4.0,12676.0
733,,White,145115.0,4.0,11711.0
734,Honda,White,35428.0,4.0,8807.0
735,Toyota,White,238993.0,4.0,14656.0
736,Toyota,Red,72776.0,4.0,7531.0
737,Nissan,Blue,209344.0,4.0,13026.0
738,Toyota,Green,89633.0,4.0,18461.0
739,Toyota,White,43486.0,4.0,32221.0
740,BMW,Blue,233087.0,5.0,15823.0
741,Toyota,White,77853.0,4.0,35165.0
742,Honda,White,35612.0,4.0,23943.0
743,Honda,Red,198019.0,4.0,6395.0
744,Honda,Blue,222107.0,4.0,15094.0
745,Honda,White,248841.0,4.0,6542.0
746,Nissan,White,31302.0,4.0,25017.0
747,Nissan,,112414.0,4.0,16306.0
748,Toyota,Black,76945.0,4.0,23210.0
749,Toyota,Red,,4.0,22723.0
750,Honda,White,26027.0,4.0,15731.0
751,Toyota,White,56819.0,4.0,16630.0
752,Toyota,White,229172.0,4.0,9223.0
753,Toyota,Blue,,4.0,8633.0
754,Toyota,Blue,84122.0,4.0,6365.0
755,,Blue,19545.0,4.0,19337.0
756,Nissan,White,54691.0,4.0,25581.0
757,Honda,Blue,235844.0,4.0,3722.0
758,Toyota,White,26826.0,4.0,16866.0
759,Toyota,Black,75099.0,4.0,15359.0
760,Honda,Blue,134490.0,4.0,17757.0
761,Toyota,White,233133.0,4.0,4067.0
762,Toyota,Blue,165946.0,4.0,18276.0
763,Toyota,White,156761.0,4.0,4865.0
764,Nissan,Red,87276.0,4.0,30267.0
765,Toyota,White,120556.0,4.0,6053.0
766,Toyota,Green,178655.0,4.0,10745.0
767,Honda,Blue,,4.0,6528.0
768,Nissan,Red,125506.0,4.0,22648.0
769,Toyota,,116872.0,4.0,5687.0
770,Honda,Blue,137581.0,4.0,17730.0
771,Honda,White,237790.0,4.0,11626.0
772,Honda,Green,196745.0,,10733.0
773,Toyota,White,239010.0,4.0,13675.0
774,Honda,Red,93091.0,4.0,28078.0
775,Honda,White,144329.0,4.0,20493.0
776,Honda,Blue,16594.0,4.0,19027.0
777,Nissan,White,37335.0,4.0,27083.0
778,Nissan,White,211628.0,4.0,5084.0
779,Nissan,Blue,96949.0,4.0,6023.0
780,Toyota,White,244626.0,4.0,5107.0
781,Toyota,Blue,43166.0,4.0,33060.0
782,Honda,,78053.0,4.0,16275.0
783,Honda,Green,63937.0,4.0,14807.0
784,Honda,White,65624.0,4.0,9095.0
785,Toyota,White,52118.0,4.0,16728.0
786,Toyota,Red,206360.0,4.0,14446.0
787,Honda,White,191262.0,4.0,8209.0
788,Honda,White,93945.0,4.0,21798.0
789,Nissan,Black,156584.0,4.0,
790,Nissan,Blue,125987.0,4.0,13354.0
791,Nissan,White,23831.0,4.0,20529.0
792,Toyota,White,60822.0,4.0,25142.0
793,BMW,Red,158234.0,3.0,20932.0
794,Honda,White,91246.0,4.0,14949.0
795,Nissan,Red,100736.0,4.0,15212.0
796,Toyota,White,116438.0,4.0,24281.0
797,Honda,Green,217901.0,4.0,15119.0
798,,White,63534.0,4.0,33083.0
799,Toyota,Blue,69820.0,4.0,29773.0
800,Toyota,Red,239519.0,4.0,5090.0
801,Honda,Blue,82020.0,4.0,25914.0
802,BMW,Blue,85390.0,5.0,46889.0
803,Nissan,Blue,185986.0,4.0,11862.0
804,BMW,White,113695.0,5.0,16005.0
805,Nissan,,32839.0,,
806,Nissan,Green,134557.0,4.0,13737.0
807,Honda,White,130652.0,4.0,20572.0
808,Toyota,White,75643.0,4.0,23300.0
809,Toyota,White,151080.0,4.0,20300.0
810,Toyota,Green,67699.0,4.0,16393.0
811,BMW,Blue,108150.0,5.0,33165.0
812,Honda,Red,228672.0,4.0,15583.0
813,Toyota,White,225017.0,4.0,8369.0
814,Nissan,White,197728.0,4.0,3908.0
815,Honda,Green,66643.0,4.0,22167.0
816,Honda,Black,136536.0,4.0,8088.0
817,Nissan,White,151531.0,4.0,14473.0
818,Toyota,White,235652.0,4.0,11503.0
819,Toyota,Blue,68431.0,4.0,20843.0
820,Honda,Black,86444.0,4.0,9435.0
821,Honda,Blue,183547.0,4.0,13647.0
822,Toyota,White,190396.0,4.0,4067.0
823,Honda,White,174824.0,4.0,7070.0
824,Nissan,Blue,204591.0,4.0,6094.0
825,BMW,Blue,97422.0,5.0,23180.0
826,Honda,Blue,126014.0,4.0,21260.0
827,Toyota,Blue,170757.0,4.0,17490.0
828,BMW,White,136818.0,5.0,28867.0
829,Toyota,Blue,,4.0,35219.0
830,BMW,White,165063.0,5.0,
831,Honda,White,171959.0,,8765.0
832,Honda,White,248467.0,4.0,6074.0
833,Honda,Blue,148506.0,4.0,21662.0
834,Honda,Red,33005.0,4.0,
835,Toyota,White,173157.0,4.0,6113.0
836,Nissan,White,38765.0,4.0,20709.0
837,BMW,Red,45967.0,3.0,43493.0
838,Toyota,White,191605.0,4.0,5267.0
839,Toyota,White,166865.0,4.0,15653.0
840,Toyota,White,88153.0,4.0,33400.0
841,Toyota,Blue,89236.0,4.0,10010.0
842,Toyota,Blue,56871.0,4.0,17855.0
843,Honda,White,194148.0,4.0,4535.0
844,Honda,White,166385.0,4.0,8682.0
845,Toyota,Red,143271.0,4.0,12482.0
846,Toyota,Blue,23701.0,4.0,9280.0
847,Toyota,Black,,4.0,15716.0
848,BMW,White,108265.0,5.0,31356.0
849,Honda,Blue,76023.0,4.0,21278.0
850,Toyota,White,138335.0,4.0,14509.0
851,Toyota,Blue,223795.0,4.0,6079.0
852,Nissan,White,21342.0,4.0,24553.0
853,Honda,Blue,197426.0,4.0,14268.0
854,Honda,Blue,90078.0,4.0,7244.0
855,Toyota,Blue,207735.0,4.0,14472.0
856,Honda,,165855.0,4.0,12785.0
857,Honda,Blue,198104.0,4.0,12174.0
858,Nissan,White,212458.0,4.0,
859,Nissan,Blue,157237.0,4.0,19626.0
860,,,70969.0,4.0,16442.0
861,Honda,Blue,227575.0,4.0,15708.0
862,Toyota,Red,205531.0,4.0,8078.0
863,Honda,White,231269.0,4.0,4272.0
864,Honda,White,,4.0,14485.0
865,Honda,Blue,90259.0,4.0,25190.0
866,Toyota,Blue,139569.0,4.0,26753.0
867,Toyota,Black,118597.0,4.0,18559.0
868,,White,132285.0,4.0,9542.0
869,Honda,Red,185069.0,4.0,6207.0
870,Honda,Black,103594.0,4.0,17042.0
871,Honda,,26193.0,4.0,30639.0
872,Nissan,Red,89084.0,3.0,
873,BMW,White,136002.0,5.0,14089.0
874,Toyota,White,20947.0,4.0,
875,BMW,Green,111235.0,,
876,BMW,Green,35735.0,3.0,37191.0
877,Toyota,White,105728.0,4.0,22078.0
878,Toyota,White,98158.0,4.0,35934.0
879,Toyota,Blue,193747.0,4.0,18377.0
880,Honda,Black,118225.0,4.0,12646.0
881,,Blue,217694.0,4.0,13759.0
882,Toyota,Red,38977.0,4.0,27131.0
883,Toyota,Blue,41820.0,4.0,20491.0
884,Toyota,Blue,121846.0,4.0,24569.0
885,Honda,Blue,47049.0,4.0,18559.0
886,Honda,White,242735.0,4.0,5319.0
887,Toyota,Red,169343.0,4.0,3670.0
888,Nissan,White,32977.0,4.0,28776.0
889,Toyota,Black,53923.0,4.0,31432.0
890,Toyota,White,235953.0,4.0,8387.0
891,Toyota,White,158668.0,4.0,17442.0
892,Toyota,Blue,135432.0,,20273.0
893,Toyota,Red,227775.0,4.0,15322.0
894,BMW,Blue,127571.0,5.0,33890.0
895,BMW,Red,61454.0,5.0,39570.0
896,Nissan,White,,4.0,8844.0
897,Toyota,White,150635.0,4.0,12455.0
898,Honda,Blue,164110.0,4.0,15421.0
899,Honda,White,76263.0,4.0,23187.0
900,Honda,White,53811.0,4.0,29941.0
901,Nissan,Red,232252.0,4.0,12492.0
902,BMW,Blue,142141.0,5.0,11574.0
903,Nissan,Blue,113217.0,4.0,20363.0
904,Nissan,Green,21539.0,4.0,9170.0
905,BMW,White,,5.0,26092.0
906,Nissan,Black,198726.0,4.0,13287.0
907,Toyota,White,,4.0,11678.0
908,Honda,Blue,,4.0,19582.0
909,Nissan,Blue,116341.0,3.0,23179.0
910,Nissan,Red,124639.0,4.0,24103.0
911,BMW,Blue,10521.0,5.0,45659.0
912,Nissan,Black,223927.0,4.0,13471.0
913,Honda,Blue,42014.0,4.0,16226.0
914,BMW,Blue,,5.0,14638.0
915,Honda,Blue,240052.0,4.0,6302.0
916,Toyota,White,10798.0,4.0,17947.0
917,Honda,Red,208998.0,4.0,
918,Nissan,Red,57207.0,4.0,12537.0
919,Nissan,Black,122693.0,4.0,5459.0
920,Toyota,White,129943.0,4.0,20640.0
921,Honda,White,147274.0,4.0,5553.0
922,Toyota,Blue,67510.0,4.0,24094.0
923,Toyota,Blue,131727.0,4.0,9192.0
924,Toyota,Green,133292.0,4.0,6978.0
925,,Black,,5.0,13647.0
926,BMW,White,189139.0,5.0,16492.0
927,Toyota,Blue,244679.0,4.0,12242.0
928,Nissan,Blue,193849.0,4.0,15433.0
929,Nissan,Blue,119848.0,4.0,9772.0
930,Nissan,Black,21552.0,4.0,28999.0
931,Toyota,Blue,249068.0,4.0,8105.0
932,Honda,White,76868.0,4.0,10582.0
933,Toyota,Green,133561.0,4.0,20747.0
934,Nissan,Blue,105202.0,4.0,14592.0
935,Honda,Red,166194.0,4.0,9903.0
936,Toyota,Blue,207280.0,4.0,5083.0
937,Toyota,White,211056.0,4.0,17425.0
938,Toyota,White,148909.0,,8212.0
939,Nissan,Black,240646.0,4.0,13660.0
940,Honda,White,58494.0,4.0,
941,Nissan,Blue,72801.0,4.0,17893.0
942,Toyota,Black,124657.0,4.0,22372.0
943,Honda,Green,215856.0,4.0,7124.0
944,Honda,Red,10684.0,4.0,21917.0
945,BMW,Blue,178546.0,5.0,13306.0
946,Nissan,White,235590.0,4.0,8427.0
947,BMW,Blue,82832.0,5.0,
948,Honda,White,172712.0,4.0,4901.0
949,Toyota,Black,28659.0,4.0,9253.0
950,Toyota,Black,134513.0,4.0,21044.0
951,Toyota,Red,127064.0,4.0,11539.0
952,Nissan,White,27604.0,4.0,
953,Toyota,White,232441.0,4.0,12228.0
954,Toyota,White,224447.0,4.0,9629.0
955,Toyota,,57342.0,4.0,23485.0
956,Nissan,White,78978.0,3.0,13903.0
957,Nissan,,39960.0,4.0,30513.0
958,Honda,White,210350.0,4.0,5122.0
959,Nissan,Red,91305.0,4.0,
960,Honda,Black,,4.0,11195.0
961,Honda,Blue,21509.0,4.0,8363.0
962,Honda,Blue,68551.0,4.0,6032.0
963,Toyota,Blue,118675.0,4.0,13607.0
964,Honda,Red,109319.0,4.0,6428.0
965,Toyota,Red,16756.0,4.0,32358.0
966,Honda,White,127507.0,4.0,13733.0
967,Honda,White,222693.0,4.0,8226.0
968,Toyota,Black,12868.0,4.0,
969,Honda,Blue,16699.0,4.0,11224.0
970,Honda,Blue,85659.0,4.0,24961.0
971,Honda,White,247118.0,4.0,11396.0
972,Honda,Black,,4.0,14646.0
973,Nissan,Red,61018.0,3.0,20862.0
974,,White,240901.0,4.0,9534.0
975,BMW,,66058.0,5.0,42440.0
976,Nissan,Blue,153858.0,3.0,14370.0
977,Toyota,White,91221.0,4.0,28645.0
978,Toyota,White,194642.0,4.0,19855.0
979,Honda,Blue,95673.0,4.0,26718.0
980,Nissan,White,23032.0,4.0,12026.0
981,Honda,White,203050.0,4.0,3955.0
982,Honda,White,117312.0,4.0,20480.0
983,Nissan,White,,4.0,5273.0
984,Toyota,White,127154.0,4.0,9919.0
985,,White,112508.0,4.0,13952.0
986,Toyota,White,154015.0,4.0,19585.0
987,Nissan,White,106071.0,4.0,24746.0
988,Honda,White,169782.0,4.0,16110.0
989,BMW,White,195674.0,5.0,16774.0
990,Toyota,White,77031.0,4.0,18516.0
991,Honda,Red,46481.0,4.0,10757.0
992,Toyota,Green,220299.0,4.0,3359.0
993,Toyota,Blue,215969.0,4.0,9354.0
994,Honda,White,182702.0,4.0,4387.0
995,Toyota,Black,153178.0,4.0,14032.0
996,,Red,107610.0,4.0,26966.0
997,Toyota,Blue,152855.0,4.0,4717.0
998,Honda,Red,132146.0,4.0,17280.0
999,BMW,Blue,99845.0,5.0,48318.0
